date,close,signal,position,cash,shares,portfolio_value,daily_return,cumulative_return
2023-12-07,458.2300109863281,0,0,10000.0,0.0,10000.0,0.0,0.0
2023-12-08,460.2000122070313,0,0,10000.0,0.0,10000.0,0.0,0.0
2023-12-11,461.989990234375,0,0,10000.0,0.0,10000.0,0.0,0.0
2023-12-12,464.1000061035156,0,0,10000.0,0.0,10000.0,0.0,0.0
2023-12-13,470.5,0,0,10000.0,0.0,10000.0,0.0,0.0
2023-12-14,472.010009765625,1,0,10000.0,0.0,10000.0,0.0,0.0
2023-12-15,469.3299865722656,1,0,10000.0,0.0,10000.0,0.0,0.0
2023-12-18,471.9700012207031,1,0,10000.0,0.0,10000.0,0.0,0.0
2023-12-19,474.8399963378906,1,0,10000.0,0.0,10000.0,0.0,0.0
2023-12-20,468.260009765625,1,0,10000.0,0.0,10000.0,0.0,0.0
2023-12-21,472.7000122070313,1,0,10000.0,0.0,10000.0,0.0,0.0
2023-12-22,473.6499938964844,1,0,10000.0,0.0,10000.0,0.0,0.0
2023-12-26,475.6499938964844,1,0,10000.0,0.0,10000.0,0.0,0.0
2023-12-27,476.510009765625,1,0,10000.0,0.0,10000.0,0.0,0.0
2023-12-28,476.6900024414063,1,0,10000.0,0.0,10000.0,0.0,0.0
2023-12-29,475.30999755859375,1,0,10000.0,0.0,10000.0,0.0,0.0
2024-01-02,472.6499938964844,1,0,10000.0,0.0,10000.0,0.0,0.0
2024-01-03,468.7900085449219,1,0,10000.0,0.0,10000.0,0.0,0.0
2024-01-04,467.2799987792969,1,0,10000.0,0.0,10000.0,0.0,0.0
2024-01-05,467.9200134277344,1,0,10000.0,0.0,10000.0,0.0,0.0
2024-01-08,474.6000061035156,1,0,10000.0,0.0,10000.0,0.0,0.0
2024-01-09,473.8800048828125,0,0,10000.0,0.0,10000.0,0.0,0.0
2024-01-10,476.55999755859375,0,0,10000.0,0.0,10000.0,0.0,0.0
2024-01-11,476.3500061035156,1,0,10000.0,0.0,10000.0,0.0,0.0
2024-01-12,476.6799926757813,0,0,10000.0,0.0,10000.0,0.0,0.0
2024-01-16,474.9299926757813,1,0,10000.0,0.0,10000.0,0.0,0.0
2024-01-17,472.2900085449219,1,0,10000.0,0.0,10000.0,0.0,0.0
2024-01-18,476.489990234375,1,0,10000.0,0.0,10000.0,0.0,0.0
2024-01-19,482.4299926757813,1,0,10000.0,0.0,10000.0,0.0,0.0
2024-01-22,483.4500122070313,0,0,10000.0,0.0,10000.0,0.0,0.0
2024-01-23,484.8599853515625,0,0,10000.0,0.0,10000.0,0.0,0.0
2024-01-24,485.3900146484375,1,0,10000.0,0.0,10000.0,0.0,0.0
2024-01-25,488.0299987792969,1,0,10000.0,0.0,10000.0,0.0,0.0
2024-01-26,487.4100036621094,1,0,10000.0,0.0,10000.0,0.0,0.0
2024-01-29,491.2699890136719,1,0,10000.0,0.0,10000.0,0.0,0.0
2024-01-30,490.8900146484375,1,0,10000.0,0.0,10000.0,0.0,0.0
2024-01-31,482.8800048828125,1,0,10000.0,0.0,10000.0,0.0,0.0
2024-02-01,489.2000122070313,1,0,10000.0,0.0,10000.0,0.0,0.0
2024-02-02,494.3500061035156,1,0,10000.0,0.0,10000.0,0.0,0.0
2024-02-05,492.5499877929688,1,0,10000.0,0.0,10000.0,0.0,0.0
2024-02-06,493.9800109863281,1,0,10000.0,0.0,10000.0,0.0,0.0
2024-02-07,498.1000061035156,0,0,10000.0,0.0,10000.0,0.0,0.0
2024-02-08,498.3200073242188,0,0,10000.0,0.0,10000.0,0.0,0.0
2024-02-09,501.2000122070313,0,0,10000.0,0.0,10000.0,0.0,0.0
2024-02-12,500.9800109863281,1,0,10000.0,0.0,10000.0,0.0,0.0
2024-02-13,494.0799865722656,1,0,10000.0,0.0,10000.0,0.0,0.0
2024-02-14,498.5700073242188,1,0,10000.0,0.0,10000.0,0.0,0.0
2024-02-15,502.010009765625,1,0,10000.0,0.0,10000.0,0.0,0.0
2024-02-16,499.510009765625,1,0,10000.0,0.0,10000.0,0.0,0.0
2024-02-20,496.760009765625,1,0,10000.0,0.0,10000.0,0.0,0.0
2024-02-21,497.2099914550781,1,0,10000.0,0.0,10000.0,0.0,0.0
2024-02-22,507.5,1,0,10000.0,0.0,10000.0,0.0,0.0
2024-02-23,507.8500061035156,1,0,10000.0,0.0,10000.0,0.0,0.0
2024-02-26,505.989990234375,0,0,10000.0,0.0,10000.0,0.0,0.0
2024-02-27,506.9299926757813,0,0,10000.0,0.0,10000.0,0.0,0.0
2024-02-28,506.260009765625,1,0,10000.0,0.0,10000.0,0.0,0.0
2024-02-29,508.0799865722656,1,0,10000.0,0.0,10000.0,0.0,0.0
2024-03-01,512.8499755859375,0,0,10000.0,0.0,10000.0,0.0,0.0
2024-03-04,512.2999877929688,0,0,10000.0,0.0,10000.0,0.0,0.0
2024-03-05,507.1799926757813,1,0,10000.0,0.0,10000.0,0.0,0.0
2024-03-06,509.75,1,0,10000.0,0.0,10000.0,0.0,0.0
2024-03-07,514.8099975585938,1,0,10000.0,0.0,10000.0,0.0,0.0
2024-03-08,511.7200012207031,1,0,10000.0,0.0,10000.0,0.0,0.0
2024-03-11,511.2799987792969,1,0,10000.0,0.0,10000.0,0.0,0.0
2024-03-12,516.780029296875,1,0,10000.0,0.0,10000.0,0.0,0.0
2024-03-13,515.969970703125,1,0,10000.0,0.0,10000.0,0.0,0.0
2024-03-14,514.9500122070312,1,0,10000.0,0.0,10000.0,0.0,0.0
2024-03-15,509.8299865722656,1,0,10000.0,0.0,10000.0,0.0,0.0
2024-03-18,512.8599853515625,1,0,10000.0,0.0,10000.0,0.0,0.0
2024-03-19,515.7100219726562,0,0,10000.0,0.0,10000.0,0.0,0.0
2024-03-20,520.47998046875,0,0,10000.0,0.0,10000.0,0.0,0.0
2024-03-21,522.2000122070312,0,0,10000.0,0.0,10000.0,0.0,0.0
2024-03-22,521.2100219726562,1,0,10000.0,0.0,10000.0,0.0,0.0
2024-03-25,519.77001953125,1,0,10000.0,0.0,10000.0,0.0,0.0
2024-03-26,518.8099975585938,1,0,10000.0,0.0,10000.0,0.0,0.0
2024-03-27,523.1699829101562,0,0,10000.0,0.0,10000.0,0.0,0.0
2024-03-28,523.0700073242188,1,0,10000.0,0.0,10000.0,0.0,0.0
2024-04-01,522.1599731445312,1,0,10000.0,0.0,10000.0,0.0,0.0
2024-04-02,518.8400268554688,1,0,10000.0,0.0,10000.0,0.0,0.0
2024-04-03,519.4099731445312,1,0,10000.0,0.0,10000.0,0.0,0.0
2024-04-04,513.0700073242188,1,0,10000.0,0.0,10000.0,0.0,0.0
2024-04-05,518.4299926757812,1,0,10000.0,0.0,10000.0,0.0,0.0
2024-04-08,518.719970703125,0,0,10000.0,0.0,10000.0,0.0,0.0
2024-04-09,519.3200073242188,1,0,10000.0,0.0,10000.0,0.0,0.0
2024-04-10,514.1199951171875,0,0,10000.0,0.0,10000.0,0.0,0.0
2024-04-11,518.0,0,0,10000.0,0.0,10000.0,0.0,0.0
2024-04-12,510.8500061035156,0,0,10000.0,0.0,10000.0,0.0,0.0
2024-04-15,504.4500122070313,0,0,10000.0,0.0,10000.0,0.0,0.0
2024-04-16,503.5299987792969,0,0,10000.0,0.0,10000.0,0.0,0.0
2024-04-17,500.5499877929688,0,0,10000.0,0.0,10000.0,0.0,0.0
2024-04-18,499.5199890136719,0,0,10000.0,0.0,10000.0,0.0,0.0
2024-04-19,495.1600036621094,0,0,10000.0,0.0,10000.0,0.0,0.0
2024-04-22,499.7200012207031,-1,1,0.0,20.01120622663143,10000.0,0.0,0.0
2024-04-23,505.6499938964844,-1,1,0.0,20.01120622663143,10118.666306357472,0.011866630635747333,0.011866630635747333
2024-04-24,505.4100036621094,-1,1,0.0,20.01120622663143,10113.863812285017,-0.0004746172990641728,0.011386381228501774
2024-04-25,503.489990234375,0,1,0.0,20.01120622663143,10075.442027624722,-0.003798922486342504,0.007544202762472141
2024-04-26,508.260009765625,0,1,0.0,20.01120622663143,10170.895872169625,0.009473911346339792,0.01708958721696252
2024-04-29,510.05999755859375,0,1,0.0,20.01120622663143,10206.915799100143,0.0035414704253415863,0.020691579910014246
2024-04-30,501.9800109863281,0,1,0.0,20.01120622663143,10045.225521494123,-0.015841247325688146,0.004522552149412329
2024-05-01,500.3500061035156,0,1,0.0,20.01120622663143,10012.607157633745,-0.0032471509764099293,0.0012607157633746091
2024-05-02,505.0299987792969,-1,1,0.0,20.01120622663143,10106.259456207928,0.009353437830903255,0.010625945620792887
2024-05-03,511.2900085449219,-1,1,0.0,20.01120622663143,10231.529802608578,0.012395322615995186,0.02315298026085788
2024-05-06,516.5700073242188,-1,1,0.0,20.01120622663143,10337.18894705745,0.010326817835387025,0.03371889470574496
2024-05-07,517.1400146484375,-1,1,0.0,20.01120622663143,10348.59548117308,0.0011034464179817682,0.03485954811730818
2024-05-08,517.1900024414062,-1,1,0.0,20.01120622663143,10349.595797206994,9.666200942270997e-05,0.03495957972069941
2024-05-09,520.1699829101562,-1,1,0.0,20.01120622663143,10409.228800918483,0.005761867891264094,0.04092288009184841
2024-05-10,520.8400268554688,-1,1,0.0,20.01120622663143,10422.637188489038,0.0012881249732326072,0.042263718848903675
2024-05-13,520.9099731445312,-1,1,0.0,20.01120622663143,10424.036898104254,0.0001342951490974631,0.042403689810425416
2024-05-14,523.2999877929688,-1,1,0.0,20.01120622663143,10471.863974118807,0.004588152985457228,0.04718639741188069
2024-05-15,529.780029296875,-1,1,0.0,20.01120622663143,10601.537421010606,0.012383033929039389,0.0601537421010605
2024-05-16,528.6900024414062,0,1,0.0,20.01120622663143,10579.724668813255,-0.002057508390634122,0.05797246688132551
2024-05-17,529.4500122070312,0,1,0.0,20.01120622663143,10594.93338096743,0.0014375338328989073,0.059493338096743065
2024-05-20,530.0599975585938,0,1,0.0,20.01120622663143,10607.139923632772,0.0011521113183468046,0.06071399236327735
2024-05-21,531.3599853515625,0,1,0.0,20.01120622663143,10633.154247449973,0.0024525295229904653,0.06331542474499718
2024-05-22,529.8300170898438,1,0,10602.537737044519,0.0,10602.537737044519,-0.0028793441431357314,0.06025377370445195
2024-05-23,525.9600219726562,0,0,10602.537737044519,0.0,10602.537737044519,0.0,0.06025377370445195
2024-05-24,529.4400024414062,0,0,10602.537737044519,0.0,10602.537737044519,0.0,0.06025377370445195
2024-05-28,529.8099975585938,1,0,10602.537737044519,0.0,10602.537737044519,0.0,0.06025377370445195
2024-05-29,526.0999755859375,0,0,10602.537737044519,0.0,10602.537737044519,0.0,0.06025377370445195
2024-05-30,522.6099853515625,0,0,10602.537737044519,0.0,10602.537737044519,0.0,0.06025377370445195
2024-05-31,527.3699951171875,0,0,10602.537737044519,0.0,10602.537737044519,0.0,0.06025377370445195
2024-06-03,527.7999877929688,1,0,10602.537737044519,0.0,10602.537737044519,0.0,0.06025377370445195
2024-06-04,528.3900146484375,1,0,10602.537737044519,0.0,10602.537737044519,0.0,0.06025377370445195
2024-06-05,534.6699829101562,1,0,10602.537737044519,0.0,10602.537737044519,0.0,0.06025377370445195
2024-06-06,534.6599731445312,1,0,10602.537737044519,0.0,10602.537737044519,0.0,0.06025377370445195
2024-06-07,534.010009765625,1,0,10602.537737044519,0.0,10602.537737044519,0.0,0.06025377370445195
2024-06-10,535.6599731445312,1,0,10602.537737044519,0.0,10602.537737044519,0.0,0.06025377370445195
2024-06-11,536.9500122070312,1,0,10602.537737044519,0.0,10602.537737044519,0.0,0.06025377370445195
2024-06-12,541.3599853515625,1,0,10602.537737044519,0.0,10602.537737044519,0.0,0.06025377370445195
2024-06-13,542.4500122070312,1,0,10602.537737044519,0.0,10602.537737044519,0.0,0.06025377370445195
2024-06-14,542.780029296875,1,0,10602.537737044519,0.0,10602.537737044519,0.0,0.06025377370445195
2024-06-17,547.0999755859375,1,0,10602.537737044519,0.0,10602.537737044519,0.0,0.06025377370445195
2024-06-18,548.489990234375,1,0,10602.537737044519,0.0,10602.537737044519,0.0,0.06025377370445195
2024-06-20,547.0,1,0,10602.537737044519,0.0,10602.537737044519,0.0,0.06025377370445195
2024-06-21,544.510009765625,1,0,10602.537737044519,0.0,10602.537737044519,0.0,0.06025377370445195
2024-06-24,542.739990234375,1,0,10602.537737044519,0.0,10602.537737044519,0.0,0.06025377370445195
2024-06-25,544.8300170898438,1,0,10602.537737044519,0.0,10602.537737044519,0.0,0.06025377370445195
2024-06-26,545.510009765625,1,0,10602.537737044519,0.0,10602.537737044519,0.0,0.06025377370445195
2024-06-27,546.3699951171875,1,0,10602.537737044519,0.0,10602.537737044519,0.0,0.06025377370445195
2024-06-28,544.219970703125,1,0,10602.537737044519,0.0,10602.537737044519,0.0,0.06025377370445195
2024-07-01,545.3400268554688,1,0,10602.537737044519,0.0,10602.537737044519,0.0,0.06025377370445195
2024-07-02,549.010009765625,0,0,10602.537737044519,0.0,10602.537737044519,0.0,0.06025377370445195
2024-07-03,551.4600219726562,0,0,10602.537737044519,0.0,10602.537737044519,0.0,0.06025377370445195
2024-07-05,554.6400146484375,0,0,10602.537737044519,0.0,10602.537737044519,0.0,0.06025377370445195
2024-07-08,555.280029296875,0,0,10602.537737044519,0.0,10602.537737044519,0.0,0.06025377370445195
2024-07-09,555.8200073242188,1,0,10602.537737044519,0.0,10602.537737044519,0.0,0.06025377370445195
2024-07-10,561.3200073242188,1,0,10602.537737044519,0.0,10602.537737044519,0.0,0.06025377370445195
2024-07-11,556.47998046875,1,0,10602.537737044519,0.0,10602.537737044519,0.0,0.06025377370445195
2024-07-12,559.989990234375,1,0,10602.537737044519,0.0,10602.537737044519,0.0,0.06025377370445195
2024-07-15,561.530029296875,1,0,10602.537737044519,0.0,10602.537737044519,0.0,0.06025377370445195
2024-07-16,564.8599853515625,1,0,10602.537737044519,0.0,10602.537737044519,0.0,0.06025377370445195
2024-07-17,556.9400024414062,1,0,10602.537737044519,0.0,10602.537737044519,0.0,0.06025377370445195
2024-07-18,552.6599731445312,1,0,10602.537737044519,0.0,10602.537737044519,0.0,0.06025377370445195
2024-07-19,548.989990234375,1,0,10602.537737044519,0.0,10602.537737044519,0.0,0.06025377370445195
2024-07-22,554.6500244140625,1,0,10602.537737044519,0.0,10602.537737044519,0.0,0.06025377370445195
2024-07-23,553.780029296875,1,0,10602.537737044519,0.0,10602.537737044519,0.0,0.06025377370445195
2024-07-24,541.22998046875,1,0,10602.537737044519,0.0,10602.537737044519,0.0,0.06025377370445195
2024-07-25,538.4099731445312,1,0,10602.537737044519,0.0,10602.537737044519,0.0,0.06025377370445195
2024-07-26,544.4400024414062,1,0,10602.537737044519,0.0,10602.537737044519,0.0,0.06025377370445195
2024-07-29,544.760009765625,1,0,10602.537737044519,0.0,10602.537737044519,0.0,0.06025377370445195
2024-07-30,542.0,0,0,10602.537737044519,0.0,10602.537737044519,0.0,0.06025377370445195
2024-07-31,550.8099975585938,0,0,10602.537737044519,0.0,10602.537737044519,0.0,0.06025377370445195
2024-08-01,543.010009765625,0,0,10602.537737044519,0.0,10602.537737044519,0.0,0.06025377370445195
2024-08-02,532.9000244140625,0,0,10602.537737044519,0.0,10602.537737044519,0.0,0.06025377370445195
2024-08-05,517.3800048828125,0,0,10602.537737044519,0.0,10602.537737044519,0.0,0.06025377370445195
2024-08-06,522.1500244140625,0,0,10602.537737044519,0.0,10602.537737044519,0.0,0.06025377370445195
2024-08-07,518.6599731445312,0,0,10602.537737044519,0.0,10602.537737044519,0.0,0.06025377370445195
2024-08-08,530.6500244140625,0,0,10602.537737044519,0.0,10602.537737044519,0.0,0.06025377370445195
2024-08-09,532.989990234375,0,0,10602.537737044519,0.0,10602.537737044519,0.0,0.06025377370445195
2024-08-12,533.27001953125,0,0,10602.537737044519,0.0,10602.537737044519,0.0,0.06025377370445195
2024-08-13,542.0399780273438,0,0,10602.537737044519,0.0,10602.537737044519,0.0,0.06025377370445195
2024-08-14,543.75,0,0,10602.537737044519,0.0,10602.537737044519,0.0,0.06025377370445195
2024-08-15,553.0700073242188,0,0,10602.537737044519,0.0,10602.537737044519,0.0,0.06025377370445195
2024-08-16,554.3099975585938,0,0,10602.537737044519,0.0,10602.537737044519,0.0,0.06025377370445195
2024-08-19,559.6099853515625,0,0,10602.537737044519,0.0,10602.537737044519,0.0,0.06025377370445195
2024-08-20,558.7000122070312,0,0,10602.537737044519,0.0,10602.537737044519,0.0,0.06025377370445195
2024-08-21,560.6199951171875,-1,1,-1.8189894035458565e-12,18.91216479859633,10602.537737044519,0.0,0.06025377370445195
2024-08-22,556.219970703125,0,1,-1.8189894035458565e-12,18.91216479859633,10519.323750207921,-0.007848497114596786,0.051932375020792065
2024-08-23,562.1300048828125,0,1,-1.8189894035458565e-12,18.91216479859633,10631.095290579507,0.010625354160183287,0.06310952905795064
2024-08-26,560.7899780273438,0,1,-1.8189894035458565e-12,18.91216479859633,10605.752481854337,-0.002383837980234005,0.060575248185433805
2024-08-27,561.5599975585938,0,1,-1.8189894035458565e-12,18.91216479859633,10620.315218127476,0.0013730978823101037,0.062031521812747625
2024-08-28,558.2999877929688,1,0,10558.661376194943,0.0,10558.661376194943,-0.005805274200081922,0.055866137619494216
2024-08-29,558.3499755859375,1,0,10558.661376194943,0.0,10558.661376194943,0.0,0.055866137619494216
2024-08-30,563.6799926757812,1,0,10558.661376194943,0.0,10558.661376194943,0.0,0.055866137619494216
2024-09-03,552.0800170898438,1,0,10558.661376194943,0.0,10558.661376194943,0.0,0.055866137619494216
2024-09-04,550.9500122070312,1,0,10558.661376194943,0.0,10558.661376194943,0.0,0.055866137619494216
2024-09-05,549.6099853515625,1,0,10558.661376194943,0.0,10558.661376194943,0.0,0.055866137619494216
2024-09-06,540.3599853515625,1,0,10558.661376194943,0.0,10558.661376194943,0.0,0.055866137619494216
2024-09-09,546.4099731445312,1,0,10558.661376194943,0.0,10558.661376194943,0.0,0.055866137619494216
2024-09-10,548.7899780273438,0,0,10558.661376194943,0.0,10558.661376194943,0.0,0.055866137619494216
2024-09-11,554.4199829101562,0,0,10558.661376194943,0.0,10558.661376194943,0.0,0.055866137619494216
2024-09-12,559.0900268554688,0,0,10558.661376194943,0.0,10558.661376194943,0.0,0.055866137619494216
2024-09-13,562.010009765625,0,0,10558.661376194943,0.0,10558.661376194943,0.0,0.055866137619494216
2024-09-16,562.8400268554688,0,0,10558.661376194943,0.0,10558.661376194943,0.0,0.055866137619494216
2024-09-17,563.0700073242188,0,0,10558.661376194943,0.0,10558.661376194943,0.0,0.055866137619494216
2024-09-18,561.4000244140625,1,0,10558.661376194943,0.0,10558.661376194943,0.0,0.055866137619494216
2024-09-19,570.97998046875,1,0,10558.661376194943,0.0,10558.661376194943,0.0,0.055866137619494216
2024-09-20,568.25,1,0,10558.661376194943,0.0,10558.661376194943,0.0,0.055866137619494216
2024-09-23,569.6699829101562,1,0,10558.661376194943,0.0,10558.661376194943,0.0,0.055866137619494216
2024-09-24,571.2999877929688,1,0,10558.661376194943,0.0,10558.661376194943,0.0,0.055866137619494216
2024-09-25,570.0399780273438,1,0,10558.661376194943,0.0,10558.661376194943,0.0,0.055866137619494216
2024-09-26,572.2999877929688,1,0,10558.661376194943,0.0,10558.661376194943,0.0,0.055866137619494216
2024-09-27,571.469970703125,1,0,10558.661376194943,0.0,10558.661376194943,0.0,0.055866137619494216
2024-09-30,573.760009765625,1,0,10558.661376194943,0.0,10558.661376194943,0.0,0.055866137619494216
2024-10-01,568.6199951171875,1,0,10558.661376194943,0.0,10558.661376194943,0.0,0.055866137619494216
2024-10-02,568.8599853515625,1,0,10558.661376194943,0.0,10558.661376194943,0.0,0.055866137619494216
2024-10-03,567.8200073242188,1,0,10558.661376194943,0.0,10558.661376194943,0.0,0.055866137619494216
2024-10-04,572.97998046875,1,0,10558.661376194943,0.0,10558.661376194943,0.0,0.055866137619494216
2024-10-07,567.7999877929688,1,0,10558.661376194943,0.0,10558.661376194943,0.0,0.055866137619494216
2024-10-08,573.1699829101562,1,0,10558.661376194943,0.0,10558.661376194943,0.0,0.055866137619494216
2024-10-09,577.1400146484375,1,0,10558.661376194943,0.0,10558.661376194943,0.0,0.055866137619494216
2024-10-10,576.1300048828125,1,0,10558.661376194943,0.0,10558.661376194943,0.0,0.055866137619494216
2024-10-11,579.5800170898438,1,0,10558.661376194943,0.0,10558.661376194943,0.0,0.055866137619494216
2024-10-14,584.3200073242188,1,0,10558.661376194943,0.0,10558.661376194943,0.0,0.055866137619494216
2024-10-15,579.780029296875,1,0,10558.661376194943,0.0,10558.661376194943,0.0,0.055866137619494216
2024-10-16,582.2999877929688,1,0,10558.661376194943,0.0,10558.661376194943,0.0,0.055866137619494216
2024-10-17,582.3499755859375,1,0,10558.661376194943,0.0,10558.661376194943,0.0,0.055866137619494216
2024-10-18,584.5900268554688,1,0,10558.661376194943,0.0,10558.661376194943,0.0,0.055866137619494216
2024-10-21,583.6300048828125,1,0,10558.661376194943,0.0,10558.661376194943,0.0,0.055866137619494216
2024-10-22,583.3200073242188,1,0,10558.661376194943,0.0,10558.661376194943,0.0,0.055866137619494216
2024-10-23,577.989990234375,1,0,10558.661376194943,0.0,10558.661376194943,0.0,0.055866137619494216
2024-10-24,579.239990234375,1,0,10558.661376194943,0.0,10558.661376194943,0.0,0.055866137619494216
2024-10-25,579.0399780273438,1,0,10558.661376194943,0.0,10558.661376194943,0.0,0.055866137619494216
2024-10-28,580.8300170898438,1,0,10558.661376194943,0.0,10558.661376194943,0.0,0.055866137619494216
2024-10-29,581.77001953125,1,0,10558.661376194943,0.0,10558.661376194943,0.0,0.055866137619494216
2024-10-30,580.010009765625,1,0,10558.661376194943,0.0,10558.661376194943,0.0,0.055866137619494216
2024-10-31,568.6400146484375,1,0,10558.661376194943,0.0,10558.661376194943,0.0,0.055866137619494216
2024-11-01,571.0399780273438,1,0,10558.661376194943,0.0,10558.661376194943,0.0,0.055866137619494216
2024-11-04,569.8099975585938,1,0,10558.661376194943,0.0,10558.661376194943,0.0,0.055866137619494216
2024-11-05,576.7000122070312,0,0,10558.661376194943,0.0,10558.661376194943,0.0,0.055866137619494216
2024-11-06,591.0399780273438,0,0,10558.661376194943,0.0,10558.661376194943,0.0,0.055866137619494216
2024-11-07,595.6099853515625,0,0,10558.661376194943,0.0,10558.661376194943,0.0,0.055866137619494216
2024-11-08,598.1900024414062,0,0,10558.661376194943,0.0,10558.661376194943,0.0,0.055866137619494216
2024-11-11,598.760009765625,0,0,10558.661376194943,0.0,10558.661376194943,0.0,0.055866137619494216
2024-11-12,596.9000244140625,1,0,10558.661376194943,0.0,10558.661376194943,0.0,0.055866137619494216
2024-11-13,597.1900024414062,1,0,10558.661376194943,0.0,10558.661376194943,0.0,0.055866137619494216
2024-11-14,593.3499755859375,1,0,10558.661376194943,0.0,10558.661376194943,0.0,0.055866137619494216
2024-11-15,585.75,1,0,10558.661376194943,0.0,10558.661376194943,0.0,0.055866137619494216
2024-11-18,588.1500244140625,1,0,10558.661376194943,0.0,10558.661376194943,0.0,0.055866137619494216
2024-11-19,590.2999877929688,0,0,10558.661376194943,0.0,10558.661376194943,0.0,0.055866137619494216
2024-11-20,590.5,0,0,10558.661376194943,0.0,10558.661376194943,0.0,0.055866137619494216
2024-11-21,593.6699829101562,0,0,10558.661376194943,0.0,10558.661376194943,0.0,0.055866137619494216
2024-11-22,595.510009765625,0,0,10558.661376194943,0.0,10558.661376194943,0.0,0.055866137619494216
2024-11-25,597.530029296875,-1,1,0.0,17.67051170402184,10558.661376194943,0.0,0.055866137619494216
2024-11-26,600.6500244140625,-1,1,0.0,17.67051170402184,10613.793286429696,0.005221486727384983,0.06137932864296958
2024-11-27,598.8300170898438,-1,1,0.0,17.67051170402184,10581.632825705683,-0.0030300628489846604,0.05816328257056824
2024-11-29,602.5499877929688,-1,1,0.0,17.67051170402184,10647.366611553873,0.006212064520751959,0.06473666115538723
2024-12-02,603.6300048828125,-1,1,0.0,17.67051170402184,10666.4510661805,0.0017924107737510298,0.06664510661805001
2024-12-03,603.9099731445312,-1,1,0.0,17.67051170402184,10671.398248625956,0.00046380772899645706,0.06713982486259562
2024-12-04,607.6599731445312,-1,1,0.0,17.67051170402184,10737.662667516037,0.006209534809425099,0.07376626675160369
2024-12-05,606.6599731445312,0,1,0.0,17.67051170402184,10719.992155812015,-0.00164565718361398,0.07199921558120148
2024-12-06,607.8099975585938,0,1,0.0,17.67051170402184,10740.313675680618,0.0018956655539701384,0.07403136756806172
2024-12-09,604.6799926757812,0,1,0.0,17.67051170402184,10685.004887765233,-0.005149643631044087,0.06850048877652326
2024-12-10,602.7999877929688,0,1,0.0,17.67051170402184,10651.784239479877,-0.003109090602606557,0.06517842394798778
2024-12-11,607.4600219726562,0,1,0.0,17.67051170402184,10734.129427993186,0.007730647435394422,0.07341294279931865
2024-12-12,604.3300170898438,1,0,10678.820640077804,0.0,10678.820640077804,-0.005152610492206722,0.06788206400778041
2024-12-13,604.2100219726562,1,0,10678.820640077804,0.0,10678.820640077804,0.0,0.06788206400778041
2024-12-16,606.7899780273438,1,0,10678.820640077804,0.0,10678.820640077804,0.0,0.06788206400778041
2024-12-17,604.2899780273438,1,0,10678.820640077804,0.0,10678.820640077804,0.0,0.06788206400778041
2024-12-18,586.280029296875,1,0,10678.820640077804,0.0,10678.820640077804,0.0,0.06788206400778041
2024-12-19,586.0999755859375,1,0,10678.820640077804,0.0,10678.820640077804,0.0,0.06788206400778041
2024-12-20,591.1500244140625,-1,1,0.0,18.0644848161217,10678.820640077804,0.0,0.06788206400778041
2024-12-23,594.6900024414062,-1,1,0.0,18.0644848161217,10742.76851940216,0.005988290418921238,0.07427685194021594
2024-12-24,601.2999877929688,-1,1,0.0,18.0644848161217,10862.174499420247,0.011115010046286677,0.08621744994202474
2024-12-26,601.3400268554688,-1,1,0.0,18.0644848161217,10862.897784456829,6.658749927290764e-05,0.08628977844568286
2024-12-27,595.010009765625,-1,1,0.0,18.0644848161217,10748.549286851556,-0.010526518786625139,0.07485492868515564
2024-12-30,588.219970703125,-1,1,0.0,18.0644848161217,10625.890729306151,-0.011411638377604172,0.06258907293061511
2024-12-31,586.0800170898438,-1,1,0.0,18.0644848161217,10587.233569751828,-0.0036380159121819355,0.05872335697518283
2025-01-02,584.6400146484375,0,1,0.0,18.0644848161217,10561.220667513866,-0.0024570065510108874,0.056122066751386646
2025-01-03,591.9500122070312,0,1,0.0,18.0644848161217,10693.27200741697,0.012503416419400448,0.06932720074169696
2025-01-06,595.3599853515625,0,1,0.0,18.0644848161217,10754.871415509737,0.005760576187535449,0.07548714155097369
2025-01-07,588.6300048828125,0,1,0.0,18.0644848161217,10633.297785519208,-0.011304052395754938,0.06332977855192068
2025-01-08,589.489990234375,-1,1,0.0,18.0644848161217,10648.832977844595,0.0014609947580461746,0.06488329778445956
2025-01-10,580.489990234375,-1,1,0.0,18.0644848161217,10486.2526144995,-0.015267434815002812,0.04862526144995005
2025-01-13,581.3900146484375,-1,1,0.0,18.0644848161217,10502.511091861472,0.0015504563889192635,0.05025110918614728
2025-01-14,582.1900024414062,-1,1,0.0,18.0644848161217,10516.962459200638,0.0013759916283606621,0.05169624592006383
2025-01-15,592.780029296875,-1,1,0.0,18.0644848161217,10708.265838533574,0.018189984044830076,0.0708265838533575
2025-01-16,591.6400146484375,0,1,0.0,18.0644848161217,10687.672061226718,-0.0019231664227786771,0.06876720612267184
2025-01-17,597.5800170898438,0,1,0.0,18.0644848161217,10794.975145137227,0.010039892999691435,0.07949751451372267
2025-01-21,603.0499877929688,0,1,0.0,18.0644848161217,10893.78734784846,0.00915353684308795,0.08937873478484604
2025-01-22,606.4400024414062,0,1,0.0,18.0644848161217,10955.02621599159,0.005621448830210873,0.09550262159915901
2025-01-23,609.75,0,1,0.0,18.0644848161217,11014.819616630206,0.005458079192118603,0.1014819616630207
2025-01-24,607.969970703125,0,1,0.0,18.0644848161217,10982.664304424556,-0.0029192772396473554,0.09826643044245564
2025-01-27,599.3699951171875,1,0,10827.31017603337,0.0,10827.31017603337,-0.01414539533258774,0.08273101760333712
2025-01-28,604.52001953125,1,0,10827.31017603337,0.0,10827.31017603337,0.0,0.08273101760333712
2025-01-29,601.8099975585938,1,0,10827.31017603337,0.0,10827.31017603337,0.0,0.08273101760333712
2025-01-30,605.0399780273438,0,0,10827.31017603337,0.0,10827.31017603337,0.0,0.08273101760333712
2025-01-31,601.8200073242188,0,0,10827.31017603337,0.0,10827.31017603337,0.0,0.08273101760333712
2025-02-03,597.77001953125,0,0,10827.31017603337,0.0,10827.31017603337,0.0,0.08273101760333712
2025-02-04,601.780029296875,0,0,10827.31017603337,0.0,10827.31017603337,0.0,0.08273101760333712
2025-02-05,604.219970703125,0,0,10827.31017603337,0.0,10827.31017603337,0.0,0.08273101760333712
2025-02-06,606.3200073242188,0,0,10827.31017603337,0.0,10827.31017603337,0.0,0.08273101760333712
2025-02-07,600.77001953125,0,0,10827.31017603337,0.0,10827.31017603337,0.0,0.08273101760333712
2025-02-10,604.8499755859375,0,0,10827.31017603337,0.0,10827.31017603337,0.0,0.08273101760333712
2025-02-11,605.3099975585938,0,0,10827.31017603337,0.0,10827.31017603337,0.0,0.08273101760333712
2025-02-12,603.3599853515625,0,0,10827.31017603337,0.0,10827.31017603337,0.0,0.08273101760333712
2025-02-13,609.72998046875,0,0,10827.31017603337,0.0,10827.31017603337,0.0,0.08273101760333712
2025-02-14,609.7000122070312,0,0,10827.31017603337,0.0,10827.31017603337,0.0,0.08273101760333712
2025-02-18,611.489990234375,0,0,10827.31017603337,0.0,10827.31017603337,0.0,0.08273101760333712
2025-02-19,612.9299926757812,0,0,10827.31017603337,0.0,10827.31017603337,0.0,0.08273101760333712
2025-02-20,610.3800048828125,1,0,10827.31017603337,0.0,10827.31017603337,0.0,0.08273101760333712
2025-02-21,599.9400024414062,1,0,10827.31017603337,0.0,10827.31017603337,0.0,0.08273101760333712
2025-02-24,597.2100219726562,1,0,10827.31017603337,0.0,10827.31017603337,0.0,0.08273101760333712
2025-02-25,594.239990234375,0,0,10827.31017603337,0.0,10827.31017603337,0.0,0.08273101760333712
2025-02-26,594.5399780273438,0,0,10827.31017603337,0.0,10827.31017603337,0.0,0.08273101760333712
2025-02-27,585.0499877929688,0,0,10827.31017603337,0.0,10827.31017603337,0.0,0.08273101760333712
2025-02-28,594.1799926757812,0,0,10827.31017603337,0.0,10827.31017603337,0.0,0.08273101760333712
2025-03-03,583.77001953125,0,0,10827.31017603337,0.0,10827.31017603337,0.0,0.08273101760333712
2025-03-04,576.8599853515625,0,0,10827.31017603337,0.0,10827.31017603337,0.0,0.08273101760333712
2025-03-05,583.0599975585938,0,0,10827.31017603337,0.0,10827.31017603337,0.0,0.08273101760333712
2025-03-06,572.7100219726562,0,0,10827.31017603337,0.0,10827.31017603337,0.0,0.08273101760333712
2025-03-07,575.9199829101562,-1,1,0.0,18.800025172459478,10827.31017603337,0.0,0.08273101760333712
2025-03-10,560.5800170898438,-1,1,0.0,18.800025172459478,10538.918432466826,-0.0266355852818283,0.053891843246682614
2025-03-11,555.9199829101562,-1,1,0.0,18.800025172459478,10451.30967258418,-0.008312879584754351,0.04513096725841814
2025-03-12,558.8699951171875,-1,1,0.0,18.800025172459478,10506.76997633543,0.005306541044969082,0.05067699763354305
2025-03-13,551.4199829101562,-1,1,0.0,18.800025172459478,10366.709559308112,-0.01333049237232553,0.036670955930811155
2025-03-14,562.8099975585938,-1,1,0.0,18.800025172459478,10580.84212141342,0.020655788693630495,0.05808421214134185
2025-03-17,567.1500244140625,-1,1,0.0,18.800025172459478,10662.434735545383,0.007711353519474384,0.0662434735545383
2025-03-18,561.02001953125,-1,1,0.0,18.800025172459478,10547.190489441207,-0.010808436249554298,0.05471904894412072
2025-03-19,567.1300048828125,-1,1,0.0,18.800025172459478,10662.05836785394,0.010890850841058342,0.06620583678539416
2025-03-20,565.489990234375,-1,1,0.0,18.800025172459478,10631.226051180114,-0.0028917790177163116,0.06312260511801138
2025-03-21,563.97998046875,-1,1,0.0,18.800025172459478,10602.837829575705,-0.0026702678945725866,0.06028378295757042
2025-03-24,574.0800170898438,-1,1,0.0,18.800025172459478,10792.71877229503,0.017908502022889294,0.07927187722950291
2025-03-25,575.4600219726562,-1,1,0.0,18.800025172459478,10818.662898830022,0.0024038545877420603,0.08186628988300226
2025-03-26,568.5900268554688,-1,1,0.0,18.800025172459478,10689.506817692223,-0.011938266525687413,0.06895068176922226
2025-03-27,567.0800170898438,-1,1,0.0,18.800025172459478,10661.118596087814,-0.0026557092004866334,0.0661118596087813
2025-03-28,555.6599731445312,-1,1,0.0,18.800025172459478,10446.421482445345,-0.020138328985595755,0.044642148244534496
2025-03-31,559.3900146484375,-1,1,0.0,18.800025172459478,10516.5463566131,0.0067128130226792315,0.05165463566131012
2025-04-01,560.969970703125,-1,1,0.0,18.800025172459478,10546.249570212605,0.0028244266313557365,0.05462495702126047
2025-04-02,564.52001953125,-1,1,0.0,18.800025172459478,10612.990577544815,0.006328411525621025,0.06129905775448141
2025-04-03,536.7000122070312,-1,1,0.0,18.800025172459478,10089.973739551497,-0.04928081620084812,0.008997373955149657
2025-04-04,505.2799987792969,-1,1,0.0,18.800025172459478,9499.276696191075,-0.058542971330535765,-0.05007233038089254
2025-04-07,504.3800048828125,-1,1,0.0,18.800025172459478,9482.35678828211,-0.0017811785518100365,-0.051764321171788974
2025-04-08,496.4800109863281,-1,1,0.0,18.800025172459478,9333.836704165928,-0.0156627816725603,-0.06661632958340724
2025-04-09,548.6199951171875,-1,1,0.0,18.800025172459478,10314.06971831772,0.10501930183911301,0.03140697183177199
2025-04-10,524.5800170898438,-1,1,0.0,18.800025172459478,9862.117526258286,-0.04381899719533311,-0.013788247374171392
2025-04-11,533.9400024414062,-1,1,0.0,18.800025172459478,10038.085486481512,0.01784281719972447,0.0038085486481511666
2025-04-14,539.1199951171875,-1,1,0.0,18.800025172459478,10135.469479179355,0.009701450822369617,0.013546947917935537
2025-04-15,537.6099853515625,-1,1,0.0,18.800025172459478,10107.081257574946,-0.0028008788011967267,0.01070812575749458
2025-04-16,525.6599731445312,-1,1,0.0,18.800025172459478,9882.420727271561,-0.0222280324633789,-0.01175792727284386
2025-04-17,526.4099731445312,-1,1,0.0,18.800025172459478,9896.520746150905,0.001426777837987947,-0.010347925384909473
2025-04-21,513.8800048828125,-1,1,0.0,18.800025172459478,9660.957027420474,-0.023802680232045126,-0.03390429725795252
2025-04-22,527.25,-1,1,0.0,18.800025172459478,9912.313272179259,0.026017737584937528,-0.00876867278207405
2025-04-23,535.4199829101562,-1,1,0.0,18.800025172459478,10065.909156548762,0.015495463082325855,0.006590915654876239
2025-04-24,546.6900024414062,-1,1,0.0,18.800025172459478,10277.785807430371,0.02104893334386637,0.027778580743037073
2025-04-25,550.6400146484375,-1,1,0.0,18.800025172459478,10352.04613635408,0.007225323655803528,0.035204613635408055
2025-04-28,550.8499755859375,-1,1,0.0,18.800025172459478,10355.993407264314,0.00038130345037501456,0.03559934072643145
2025-04-29,554.3200073242188,-1,1,0.0,18.800025172459478,10421.230091293235,0.006299413437552026,0.04212300912932343
2025-04-30,554.5399780273438,-1,1,0.0,18.800025172459478,10425.365546049188,0.00039682980989041994,0.042536554604918786
2025-05-01,558.469970703125,-1,1,0.0,18.800025172459478,10499.249507281456,0.007086942026725218,0.04992495072814562
2025-05-02,566.760009765625,-1,1,0.0,18.800025172459478,10655.10245033713,0.014844198430334021,0.06551024503371305
2025-05-05,563.510009765625,-1,1,0.0,18.800025172459478,10594.002368526637,-0.005734349537724004,0.0594002368526636
2025-05-06,558.7999877929688,-1,1,0.0,18.800025172459478,10505.453836877861,-0.00835836434319115,0.05054538368778605
2025-05-07,561.1500244140625,-1,1,0.0,18.800025172459478,10549.634584510626,0.0042055058561749625,0.05496345845106254
2025-05-08,565.0599975585938,-1,1,0.0,18.800025172459478,10623.142178051454,0.0069677857514376385,0.062314217805145455
2025-05-09,564.3400268554688,-1,1,0.0,18.800025172459478,10609.60671070927,-0.0012741491279435468,0.06096067107092695
2025-05-12,582.989990234375,-1,1,0.0,18.800025172459478,10960.226491698155,0.0330473871981487,0.09602264916981551
2025-05-13,586.8400268554688,-1,1,0.0,18.800025172459478,11032.607277089608,0.006603949785734642,0.10326072770896078
2025-05-14,587.5900268554688,-1,1,0.0,18.800025172459478,11046.707295968952,0.0012780314322096142,0.10467072959689516
2025-05-15,590.4600219726562,-1,1,0.0,18.800025172459478,11100.663276416914,0.004884349607746863,0.11006632764169133
2025-05-16,594.2000122070312,-1,1,0.0,18.800025172459478,11170.975186967917,0.00633402786844095,0.11709751869679175
2025-05-19,594.8499755859375,-1,1,0.0,18.800025172459478,11183.19451485253,0.0010938461217664397,0.11831945148525302
2025-05-20,592.8499755859375,-1,1,0.0,18.800025172459478,11145.594464507612,-0.0033621922872736354,0.11455944645076133
2025-05-21,582.8599853515625,-1,1,0.0,18.800025172459478,10957.782396628738,-0.016850789652983478,0.09577823966287369
2025-05-22,583.0900268554688,0,1,0.0,18.800025172459478,10962.107182692886,0.00039467712604679406,0.09621071826928862
2025-05-23,579.1099853515625,0,1,0.0,18.800025172459478,10887.282302232014,-0.006825775301577686,0.08872823022320131
2025-05-27,591.1500244140625,0,1,0.0,18.800025172459478,11113.63533968441,0.02079059136787431,0.1113635339684409
2025-05-28,587.72998046875,0,1,0.0,18.800025172459478,11049.338427421617,-0.005785407771406903,0.10493384274216178
2025-05-29,590.0499877929688,0,1,0.0,18.800025172459478,11092.95462351722,0.003947403401760141,0.10929546235172194
2025-05-30,589.3900146484375,0,1,0.0,18.800025172459478,11080.547111786886,-0.0011185037847383228,0.10805471117868848
2025-06-02,592.7100219726562,0,1,0.0,18.800025172459478,11142.963333054948,0.005632954820585345,0.11429633330549471
2025-06-03,596.0900268554688,-1,1,0.0,18.800025172459478,11206.507509934858,0.005702628195087822,0.12065075099348577
2025-06-04,595.9299926757812,0,1,0.0,18.800025172459478,11203.49886332828,-0.0002684731709599042,0.12034988633282784
2025-06-05,593.0499877929688,1,0,11149.354699034599,0.0,11149.354699034599,-0.004832790626766337,0.11493546990345993
2025-06-06,599.1400146484375,0,0,11149.354699034599,0.0,11149.354699034599,0.0,0.11493546990345993
2025-06-09,599.6799926757812,0,0,11149.354699034599,0.0,11149.354699034599,0.0,0.11493546990345993
2025-06-10,603.0800170898438,0,0,11149.354699034599,0.0,11149.354699034599,0.0,0.11493546990345993
2025-06-11,601.3599853515625,1,0,11149.354699034599,0.0,11149.354699034599,0.0,0.11493546990345993
2025-06-12,603.75,1,0,11149.354699034599,0.0,11149.354699034599,0.0,0.11493546990345993
2025-06-13,597.0,1,0,11149.354699034599,0.0,11149.354699034599,0.0,0.11493546990345993
2025-06-16,602.6799926757812,1,0,11149.354699034599,0.0,11149.354699034599,0.0,0.11493546990345993
2025-06-17,597.530029296875,1,0,11149.354699034599,0.0,11149.354699034599,0.0,0.11493546990345993
2025-06-18,597.4400024414062,1,0,11149.354699034599,0.0,11149.354699034599,0.0,0.11493546990345993
2025-06-20,594.280029296875,1,0,11149.354699034599,0.0,11149.354699034599,0.0,0.11493546990345993
2025-06-23,600.1500244140625,1,0,11149.354699034599,0.0,11149.354699034599,0.0,0.11493546990345993
2025-06-24,606.780029296875,1,0,11149.354699034599,0.0,11149.354699034599,0.0,0.11493546990345993
2025-06-25,607.1199951171875,1,0,11149.354699034599,0.0,11149.354699034599,0.0,0.11493546990345993
2025-06-26,611.8699951171875,1,0,11149.354699034599,0.0,11149.354699034599,0.0,0.11493546990345993
2025-06-27,614.9099731445312,1,0,11149.354699034599,0.0,11149.354699034599,0.0,0.11493546990345993
2025-06-30,617.8499755859375,0,0,11149.354699034599,0.0,11149.354699034599,0.0,0.11493546990345993
2025-07-01,617.6500244140625,1,0,11149.354699034599,0.0,11149.354699034599,0.0,0.11493546990345993
2025-07-02,620.4500122070312,1,0,11149.354699034599,0.0,11149.354699034599,0.0,0.11493546990345993
2025-07-03,625.3400268554688,1,0,11149.354699034599,0.0,11149.354699034599,0.0,0.11493546990345993
2025-07-07,620.6799926757812,1,0,11149.354699034599,0.0,11149.354699034599,0.0,0.11493546990345993
2025-07-08,620.3400268554688,1,0,11149.354699034599,0.0,11149.354699034599,0.0,0.11493546990345993
2025-07-09,624.0599975585938,1,0,11149.354699034599,0.0,11149.354699034599,0.0,0.11493546990345993
2025-07-10,625.8200073242188,1,0,11149.354699034599,0.0,11149.354699034599,0.0,0.11493546990345993
2025-07-11,623.6199951171875,1,0,11149.354699034599,0.0,11149.354699034599,0.0,0.11493546990345993
2025-07-14,624.8099975585938,1,0,11149.354699034599,0.0,11149.354699034599,0.0,0.11493546990345993
2025-07-15,622.1400146484375,1,0,11149.354699034599,0.0,11149.354699034599,0.0,0.11493546990345993
2025-07-16,624.219970703125,1,0,11149.354699034599,0.0,11149.354699034599,0.0,0.11493546990345993
2025-07-17,628.0399780273438,1,0,11149.354699034599,0.0,11149.354699034599,0.0,0.11493546990345993
2025-07-18,627.5800170898438,1,0,11149.354699034599,0.0,11149.354699034599,0.0,0.11493546990345993
2025-07-21,628.77001953125,1,0,11149.354699034599,0.0,11149.354699034599,0.0,0.11493546990345993
2025-07-22,628.8599853515625,1,0,11149.354699034599,0.0,11149.354699034599,0.0,0.11493546990345993
2025-07-23,634.2100219726562,1,0,11149.354699034599,0.0,11149.354699034599,0.0,0.11493546990345993
2025-07-24,634.4199829101562,1,0,11149.354699034599,0.0,11149.354699034599,0.0,0.11493546990345993
2025-07-25,637.0999755859375,1,0,11149.354699034599,0.0,11149.354699034599,0.0,0.11493546990345993
2025-07-28,636.9400024414062,1,0,11149.354699034599,0.0,11149.354699034599,0.0,0.11493546990345993
2025-07-29,635.260009765625,1,0,11149.354699034599,0.0,11149.354699034599,0.0,0.11493546990345993
2025-07-30,634.4600219726562,1,0,11149.354699034599,0.0,11149.354699034599,0.0,0.11493546990345993
2025-07-31,632.0800170898438,1,0,11149.354699034599,0.0,11149.354699034599,0.0,0.11493546990345993
2025-08-01,621.719970703125,1,0,11149.354699034599,0.0,11149.354699034599,0.0,0.11493546990345993
2025-08-04,631.1699829101562,1,0,11149.354699034599,0.0,11149.354699034599,0.0,0.11493546990345993
2025-08-05,627.969970703125,1,0,11149.354699034599,0.0,11149.354699034599,0.0,0.11493546990345993
2025-08-06,632.780029296875,1,0,11149.354699034599,0.0,11149.354699034599,0.0,0.11493546990345993
2025-08-07,632.25,1,0,11149.354699034599,0.0,11149.354699034599,0.0,0.11493546990345993
2025-08-08,637.1799926757812,1,0,11149.354699034599,0.0,11149.354699034599,0.0,0.11493546990345993
2025-08-11,635.9199829101562,1,0,11149.354699034599,0.0,11149.354699034599,0.0,0.11493546990345993
2025-08-12,642.6900024414062,1,0,11149.354699034599,0.0,11149.354699034599,0.0,0.11493546990345993
2025-08-13,644.8900146484375,1,0,11149.354699034599,0.0,11149.354699034599,0.0,0.11493546990345993
2025-08-14,644.9500122070312,0,0,11149.354699034599,0.0,11149.354699034599,0.0,0.11493546990345993
2025-08-15,643.4400024414062,1,0,11149.354699034599,0.0,11149.354699034599,0.0,0.11493546990345993
2025-08-18,643.2999877929688,1,0,11149.354699034599,0.0,11149.354699034599,0.0,0.11493546990345993
2025-08-19,639.8099975585938,0,0,11149.354699034599,0.0,11149.354699034599,0.0,0.11493546990345993
2025-08-20,638.1099853515625,1,0,11149.354699034599,0.0,11149.354699034599,0.0,0.11493546990345993
2025-08-21,635.5499877929688,1,0,11149.354699034599,0.0,11149.354699034599,0.0,0.11493546990345993
2025-08-22,645.3099975585938,0,0,11149.354699034599,0.0,11149.354699034599,0.0,0.11493546990345993
2025-08-25,642.469970703125,0,0,11149.354699034599,0.0,11149.354699034599,0.0,0.11493546990345993
2025-08-26,645.1599731445312,0,0,11149.354699034599,0.0,11149.354699034599,0.0,0.11493546990345993
2025-08-27,646.6300048828125,-1,1,0.0,17.242247676173292,11149.354699034599,0.0,0.11493546990345993
2025-08-28,648.9199829101562,-1,1,0.0,17.242247676173292,11188.839067355055,0.003541403909580021,0.11888390673550542
2025-08-29,645.0499877929688,0,1,0.0,17.242247676173292,11122.111653038926,-0.0059637477949624484,0.11221116530389263
2025-09-02,640.27001953125,0,1,0.0,17.242247676173292,11039.694256386123,-0.007410229210411123,0.10396942563861233
2025-09-03,643.739990234375,0,1,0.0,17.242247676173292,11099.52435067847,0.005419542688669843,0.10995243506784691
2025-09-04,649.1199951171875,0,1,0.0,17.242247676173292,11192.287727366946,0.008357419089116691,0.11922877273669452
2025-09-05,647.239990234375,0,1,0.0,17.242247676173292,11159.872217545077,-0.002896236284437914,0.11598722175450771
2025-09-08,648.8300170898438,0,1,0.0,17.242247676173292,11187.287854398835,0.002456626412859597,0.11872878543988352
2025-09-09,650.3300170898438,0,1,0.0,17.242247676173292,11213.151225913096,0.002311853583359058,0.12131512259130961
2025-09-10,652.2100219726562,0,1,0.0,17.242247676173292,11245.566735734965,0.0028908474672988405,0.12455667357349642
2025-09-11,657.6300048828125,0,1,0.0,17.242247676173292,11339.019423472504,0.008310180352278262,0.1339019423472505
2025-09-12,657.4099731445312,0,1,0.0,17.242247676173292,11335.22558174444,-0.00033458287585352853,0.13352255817444392
2025-09-15,660.9099731445312,-1,1,0.0,17.242247676173292,11395.573448611047,0.005323922883704979,0.13955734486110472
2025-09-16,660.0,0,1,0.0,17.242247676173292,11379.883466274372,-0.0013768488621858088,0.1379883466274372
2025-09-17,659.1799926757812,1,0,11365.744696893917,0.0,11365.744696893917,-0.0012424353397253451,0.13657446968939158
2025-09-18,662.260009765625,1,0,11365.744696893917,0.0,11365.744696893917,0.0,0.13657446968939158
2025-09-19,663.7000122070312,0,0,11365.744696893917,0.0,11365.744696893917,0.0,0.13657446968939158
2025-09-22,666.8400268554688,0,0,11365.744696893917,0.0,11365.744696893917,0.0,0.13657446968939158
2025-09-23,663.2100219726562,1,0,11365.744696893917,0.0,11365.744696893917,0.0,0.13657446968939158
2025-09-24,661.0999755859375,1,0,11365.744696893917,0.0,11365.744696893917,0.0,0.13657446968939158
2025-09-25,658.0499877929688,1,0,11365.744696893917,0.0,11365.744696893917,0.0,0.13657446968939158
2025-09-26,661.8200073242188,1,0,11365.744696893917,0.0,11365.744696893917,0.0,0.13657446968939158
2025-09-29,663.6799926757812,1,0,11365.744696893917,0.0,11365.744696893917,0.0,0.13657446968939158
2025-09-30,666.1799926757812,0,0,11365.744696893917,0.0,11365.744696893917,0.0,0.13657446968939158
2025-10-01,668.4500122070312,-1,1,0.0,17.003133352286838,11365.744696893917,0.0,0.13657446968939158
2025-10-02,669.219970703125,-1,1,0.0,17.003133352286838,11378.836403878726,0.0011518565068937558,0.13788364038787249
2025-10-03,669.2100219726562,0,1,0.0,17.003133352286838,11378.667244287879,-1.4866158967619114e-05,0.1378667244287879
2025-10-06,671.6099853515625,1,0,11419.474141660026,0.0,11419.474141660026,0.003586263355458641,0.14194741416600265
2025-10-07,669.1199951171875,1,0,11419.474141660026,0.0,11419.474141660026,0.0,0.14194741416600265
2025-10-08,673.1099853515625,1,0,11419.474141660026,0.0,11419.474141660026,0.0,0.14194741416600265
2025-10-09,671.1599731445312,1,0,11419.474141660026,0.0,11419.474141660026,0.0,0.14194741416600265
2025-10-10,653.02001953125,1,0,11419.474141660026,0.0,11419.474141660026,0.0,0.14194741416600265
2025-10-13,663.0399780273438,1,0,11419.474141660026,0.0,11419.474141660026,0.0,0.14194741416600265
2025-10-14,662.22998046875,1,0,11419.474141660026,0.0,11419.474141660026,0.0,0.14194741416600265
2025-10-15,665.1699829101562,1,0,11419.474141660026,0.0,11419.474141660026,0.0,0.14194741416600265
2025-10-16,660.6400146484375,1,0,11419.474141660026,0.0,11419.474141660026,0.0,0.14194741416600265
2025-10-17,664.3900146484375,1,0,11419.474141660026,0.0,11419.474141660026,0.0,0.14194741416600265
2025-10-20,671.2999877929688,1,0,11419.474141660026,0.0,11419.474141660026,0.0,0.14194741416600265
2025-10-21,671.2899780273438,1,0,11419.474141660026,0.0,11419.474141660026,0.0,0.14194741416600265
2025-10-22,667.7999877929688,1,0,11419.474141660026,0.0,11419.474141660026,0.0,0.14194741416600265
2025-10-23,671.760009765625,1,0,11419.474141660026,0.0,11419.474141660026,0.0,0.14194741416600265
2025-10-24,677.25,0,0,11419.474141660026,0.0,11419.474141660026,0.0,0.14194741416600265
2025-10-27,685.239990234375,0,0,11419.474141660026,0.0,11419.474141660026,0.0,0.14194741416600265
2025-10-28,687.0599975585938,0,0,11419.474141660026,0.0,11419.474141660026,0.0,0.14194741416600265
2025-10-29,687.3900146484375,1,0,11419.474141660026,0.0,11419.474141660026,0.0,0.14194741416600265
2025-10-30,679.8300170898438,1,0,11419.474141660026,0.0,11419.474141660026,0.0,0.14194741416600265
2025-10-31,682.0599975585938,1,0,11419.474141660026,0.0,11419.474141660026,0.0,0.14194741416600265
2025-11-03,683.3400268554688,0,0,11419.474141660026,0.0,11419.474141660026,0.0,0.14194741416600265
2025-11-04,675.239990234375,0,0,11419.474141660026,0.0,11419.474141660026,0.0,0.14194741416600265
2025-11-05,677.5800170898438,0,0,11419.474141660026,0.0,11419.474141660026,0.0,0.14194741416600265
2025-11-06,670.3099975585938,-1,1,0.0,17.036108939523636,11419.474141660026,0.0,0.14194741416600265
2025-11-07,670.969970703125,-1,1,0.0,17.036108939523636,11430.71751604742,0.0009845789961882012,0.14307175160474195
2025-11-10,681.4400024414062,-1,1,0.0,17.036108939523636,11609.08611734105,0.01560432239211762,0.16090861173410498
2025-11-11,683.0,-1,1,0.0,17.036108939523636,11635.662405694644,0.0022892661907205625,0.16356624056946445
2025-11-12,683.3800048828125,-1,1,0.0,17.036108939523636,11642.136210275788,0.0005563761095350728,0.16421362102757886
2025-11-13,672.0399780273438,-1,1,0.0,17.036108939523636,11448.946277388899,-0.016594027882646856,0.14489462773888984
2025-11-14,671.9299926757812,-1,1,0.0,17.036108939523636,11447.07255495793,-0.00016365894166792128,0.14470725549579289
2025-11-17,665.6699829101562,-1,1,0.0,17.036108939523636,11340.42634662826,-0.009316461288915279,0.13404263466282584
2025-11-18,660.0800170898438,-1,1,0.0,17.036108939523636,11245.195079945202,-0.008397503213040225,0.12451950799452027
2025-11-19,662.6300048828125,-1,1,0.0,17.036108939523636,11288.636949780674,0.003863149507556951,0.12886369497806727
2025-11-20,652.530029296875,-1,1,0.0,17.036108939523636,11116.572665412112,-0.0152422551220327,0.11165726654121122
2025-11-21,659.030029296875,-1,1,0.0,17.036108939523636,11227.307373519016,0.009961227389035265,0.12273073735190154
2025-11-24,668.72998046875,-1,1,0.0,17.036108939523636,11392.556798391139,0.014718526835907575,0.1392556798391138
2025-11-25,675.02001953125,-1,1,0.0,17.036108939523636,11499.714589093748,0.009405947461920139,0.1499714589093748
2025-11-26,679.6799926757812,-1,1,0.0,17.036108939523636,11579.102399239237,0.006903459171132775,0.1579102399239236
2025-11-28,683.3900146484375,-1,1,0.0,17.036108939523636,11642.306737733436,0.0054584834225450685,0.16423067377334366
2025-12-01,680.27001953125,-1,1,0.0,17.036108939523636,11589.154161026247,-0.004565467815318636,0.15891541610262472
2025-12-02,681.530029296875,-1,1,0.0,17.036108939523636,11610.619824658297,0.0018522200441719594,0.1610619824658297
2025-12-03,683.8900146484375,-1,1,0.0,17.036108939523636,11650.824792203197,0.00346277529986061,0.1650824792203196
2025-12-04,684.3900146484375,-1,1,0.0,17.036108939523636,11659.342846672958,0.0007311117128343536,0.16593428466729576
2025-12-05,685.6900024414062,-1,1,0.0,17.036108939523636,11681.489580334024,0.0018994838690573612,0.16814895803340235
2025-12-08,683.6300048828125,-1,1,0.0,17.036108939523636,11646.39523751067,-0.0030042694967974404,0.16463952375106694
2025-12-09,683.0399780273438,-1,1,0.0,17.036108939523636,11636.34347572366,-0.0008630792259767261,0.16363434757236583
2025-12-10,687.5700073242188,-1,1,0.0,17.036108939523636,11713.517548324455,0.006632158354709983,0.17135175483244547
2025-12-11,689.1699829101562,-1,1,0.0,17.036108939523636,11740.774906707065,0.0023270002601831763,0.17407749067070655
2025-12-12,681.760009765625,0,1,0.0,17.036108939523636,11614.537796977886,-0.010752025375860397,0.16145377969778862
2025-12-15,680.72998046875,0,1,0.0,17.036108939523636,11596.990105665422,-0.0015108385386657375,0.15969901056654212
2025-12-16,678.8699951171875,0,1,0.0,17.036108939523636,11565.303192590285,-0.0027323394075896568,0.1565303192590286
2025-12-17,671.4000244140625,0,1,0.0,17.036108939523636,11438.043957916798,-0.011003536401451242,0.1438043957916797
2025-12-18,676.469970703125,0,1,0.0,17.036108939523636,11524.4161152148,0.007551304892321253,0.15244161152148017
2025-12-19,680.5900268554688,0,1,0.0,17.036108939523636,11594.605840663084,0.0060905233502994705,0.15946058406630836
2025-12-22,684.8300170898438,0,1,0.0,17.036108939523636,11666.838776198412,0.006229874178387496,0.16668387761984116
2025-12-23,687.9600219726562,0,1,0.0,17.036108939523636,11720.161880363246,0.0045704843606495515,0.17201618803632468
2025-12-24,690.3800048828125,0,1,0.0,17.036108939523636,11761.388972852454,0.003517621421107009,0.17613889728524534
2025-12-26,690.3099975585938,0,1,0.0,17.036108939523636,11760.1963204505,-0.0001014040437492536,0.17601963204505
2025-12-29,687.8499755859375,1,0,11718.287118130705,0.0,11718.287118130705,-0.003563648189011559,0.17182871181307058
2025-12-30,687.010009765625,1,0,11718.287118130705,0.0,11718.287118130705,0.0,0.17182871181307058
2025-12-31,681.9199829101562,0,0,11718.287118130705,0.0,11718.287118130705,0.0,0.17182871181307058
2026-01-02,683.1699829101562,0,0,11718.287118130705,0.0,11718.287118130705,0.0,0.17182871181307058
2026-01-05,687.719970703125,0,0,11718.287118130705,0.0,11718.287118130705,0.0,0.17182871181307058
2026-01-06,691.8099975585938,0,0,11718.287118130705,0.0,11718.287118130705,0.0,0.17182871181307058
2026-01-07,689.5800170898438,0,0,11718.287118130705,0.0,11718.287118130705,0.0,0.17182871181307058
2026-01-08,689.510009765625,0,0,11718.287118130705,0.0,11718.287118130705,0.0,0.17182871181307058
2026-01-09,694.0700073242188,0,0,11718.287118130705,0.0,11718.287118130705,0.0,0.17182871181307058
2026-01-12,695.1599731445312,0,0,11718.287118130705,0.0,11718.287118130705,0.0,0.17182871181307058
2026-01-13,693.77001953125,0,0,11718.287118130705,0.0,11718.287118130705,0.0,0.17182871181307058
2026-01-14,690.3599853515625,1,0,11718.287118130705,0.0,11718.287118130705,0.0,0.17182871181307058
2026-01-15,692.239990234375,1,0,11718.287118130705,0.0,11718.287118130705,0.0,0.17182871181307058
2026-01-16,691.6599731445312,1,0,11718.287118130705,0.0,11718.287118130705,0.0,0.17182871181307058
2026-01-20,677.5800170898438,1,0,11718.287118130705,0.0,11718.287118130705,0.0,0.17182871181307058
2026-01-21,685.4000244140625,1,0,11718.287118130705,0.0,11718.287118130705,0.0,0.17182871181307058
2026-01-22,688.97998046875,1,0,11718.287118130705,0.0,11718.287118130705,0.0,0.17182871181307058
2026-01-23,689.22998046875,1,0,11718.287118130705,0.0,11718.287118130705,0.0,0.17182871181307058
2026-01-26,692.72998046875,1,0,11718.287118130705,0.0,11718.287118130705,0.0,0.17182871181307058
2026-01-27,695.489990234375,0,0,11718.287118130705,0.0,11718.287118130705,0.0,0.17182871181307058
2026-01-28,695.4199829101562,1,0,11718.287118130705,0.0,11718.287118130705,0.0,0.17182871181307058
2026-01-29,694.0399780273438,1,0,11718.287118130705,0.0,11718.287118130705,0.0,0.17182871181307058
2026-01-30,691.969970703125,1,0,11718.287118130705,0.0,11718.287118130705,0.0,0.17182871181307058
2026-02-02,695.4099731445312,1,0,11718.287118130705,0.0,11718.287118130705,0.0,0.17182871181307058
2026-02-03,689.530029296875,1,0,11718.287118130705,0.0,11718.287118130705,0.0,0.17182871181307058
2026-02-04,686.1900024414062,1,0,11718.287118130705,0.0,11718.287118130705,0.0,0.17182871181307058
2026-02-05,677.6199951171875,0,0,11718.287118130705,0.0,11718.287118130705,0.0,0.17182871181307058
2026-02-06,690.6199951171875,-1,1,0.0,16.967778519274255,11718.287118130705,0.0,0.17182871181307058
2026-02-09,693.9500122070312,-1,1,0.0,16.967778519274255,11774.790110576572,0.004821779145387506,0.17747901105765718
2026-02-10,692.1199951171875,0,1,0.0,16.967778519274255,11743.738785909616,-0.0026371021797717553,0.17437387859096165
2026-02-11,691.9600219726562,0,1,0.0,16.967778519274255,11741.024397024177,-0.00023113498477123073,0.1741024397024178
2026-02-12,681.27001953125,0,1,0.0,16.967778519274255,11559.638803227896,-0.015448872914552103,0.15596388032278963
2026-02-13,681.75,-1,1,0.0,16.967778519274255,11567.783005515223,0.0007045377823615695,0.1567783005515222
2026-02-17,682.8499755859375,-1,1,0.0,16.967778519274255,11586.44714763402,0.0016134588719289855,0.15864471476340203
2026-02-18,686.2899780273438,-1,1,0.0,16.967778519274255,11644.816347165564,0.005037713354905549,0.16448163471655652
2026-02-19,684.47998046875,-1,1,0.0,16.967778519274255,11614.104709470917,-0.002637365569283734,0.16141047094709182
2026-02-20,689.4299926757812,-1,1,0.0,16.967778519274255,11698.095420267528,0.007231785221302411,0.1698095420267527
2026-02-23,682.3900146484375,-1,1,0.0,16.967778519274255,11578.642632319003,-0.010211302238274378,0.15786426323190028
2026-02-24,687.3499755859375,-1,1,0.0,16.967778519274255,11662.802150970754,0.007268513358970052,0.16628021509707547
2026-02-25,693.1500244140625,-1,1,0.0,16.967778519274255,11761.216094887355,0.008438276037153747,0.17612160948873545
2026-02-26,689.2999877929688,-1,1,0.0,16.967778519274255,11695.889526209541,-0.005554405951797126,0.1695889526209542
2026-02-27,685.989990234375,-1,1,0.0,16.967778519274255,11639.726220735984,-0.004801969559279806,0.16397262207359842
2026-03-02,686.3800048828125,-1,1,0.0,16.967778519274255,11646.343902909945,0.0005685427688300049,0.16463439029099436
2026-03-03,680.3300170898438,-1,1,0.0,16.967778519274255,11543.689049994537,-0.00881434154539762,0.15436890499945366
2026-03-04,685.1300048828125,-1,1,0.0,16.967778519274255,11625.134179760851,0.007055381465455701,0.1625134179760852
2026-03-05,681.3099975585938,-1,1,0.0,16.967778519274255,11560.317141541502,-0.0055755948462250515,0.15603171415415007
2026-03-06,672.3800048828125,-1,1,0.0,16.967778519274255,11408.795003640105,-0.013107091790493186,0.14087950036401042
2026-03-09,678.27001953125,-1,1,0.0,16.967778519274255,11508.735467670072,0.008759949144329537,0.15087354676700726
2026-03-10,677.1799926757812,-1,1,0.0,16.967778519274255,11490.240133406418,-0.001607069196751576,0.14902401334064175
2026-03-11,676.3300170898438,-1,1,0.0,16.967778519274255,11475.817935917441,-0.0012551693717041124,0.14758179359174406
2026-03-12,666.0599975585938,-1,1,0.0,16.967778519274255,11301.55851912257,-0.015184923442316811,0.13015585191225698
2026-03-13,662.2899780273438,-1,1,0.0,16.967778519274255,11237.589662702982,-0.005660180081477284,0.12375896627029825
2026-03-16,669.030029296875,-1,1,0.0,16.967778519274255,11351.953359852942,0.010176888512803295,0.1351953359852942
2026-03-17,670.7899780273438,-1,1,0.0,16.967778519274255,11381.815780116813,0.0026305975119209624,0.1381815780116813
2026-03-18,661.4299926757812,-1,1,0.0,16.967778519274255,11222.997621727849,-0.013953675007322364,0.12229976217278482
2026-03-19,659.7999877929688,-1,1,0.0,16.967778519274255,11195.34005989095,-0.002464364937880159,0.11953400598909503
2026-03-20,648.5700073242188,-1,1,0.0,16.967778519274255,11004.792238521424,-0.017020279897722146,0.10047922385214236
2026-03-23,655.3800048828125,-1,1,0.0,16.967778519274255,11120.342768812443,0.010500019244938041,0.11203427688124434
2026-03-24,653.1799926757812,-1,1,0.0,16.967778519274255,11083.013448943837,-0.0033568497522664664,0.1083013448943837
2026-03-25,656.8200073242188,-1,1,0.0,16.967778519274255,11144.776411305438,0.0055727589473859585,0.1144776411305437
2026-03-26,645.0900268554688,-1,1,0.0,16.967778519274255,10945.744700676274,-0.017858744158138817,0.09457447006762743
2026-03-27,634.0900268554688,-1,1,0.0,16.967778519274255,10759.099136964258,-0.017051883523327982,0.07590991369642586
2026-03-30,631.969970703125,-1,1,0.0,16.967778519274255,10723.126493722864,-0.0033434623831846144,0.07231264937228654
2026-03-31,650.3400268554688,-1,1,0.0,16.967778519274255,11034.825537902465,0.02906792569891481,0.1034825537902464
2026-04-01,655.239990234375,-1,1,0.0,16.967778519274255,11117.967031268301,0.007534463782890022,0.1117967031268301
2026-04-02,655.8300170898438,-1,1,0.0,16.967778519274255,11127.978476272317,0.000900474428090936,0.11279784762723177
2026-04-06,658.9299926757812,-1,1,0.0,16.967778519274255,11180.578175429662,0.004726797348638012,0.11805781754296629
2026-04-07,659.219970703125,-1,1,0.0,16.967778519274255,11185.498458373087,0.0004400741058487867,0.11854984583730865
2026-04-08,676.010009765625,-1,1,0.0,16.967778519274255,11470.388122515551,0.025469554638327674,0.14703881225155513
2026-04-09,679.9099731445312,-1,1,0.0,16.967778519274255,11536.561837362113,0.00576909117108837,0.15365618373621137
2026-04-10,679.4600219726562,-1,1,0.0,16.967778519274255,11528.92716553325,-0.0006617805145495703,0.15289271655332515
2026-04-13,686.0999755859375,-1,1,0.0,16.967778519274255,11641.59242782166,0.009772397784351794,0.1641592427821661
2026-04-14,694.4600219726562,-1,1,0.0,16.967778519274255,11783.443843322364,0.012184880752370342,0.17834438433223632
2026-04-15,699.9400024414062,-1,1,0.0,16.967778519274255,11876.426938206063,0.007890994867038925,0.1876426938206064
2026-04-16,701.6599731445312,-1,1,0.0,16.967778519274255,11905.611020156328,0.002457311622604319,0.1905611020156328
2026-04-17,710.1400146484375,-1,1,0.0,16.967778519274255,12049.498486228862,0.012085685130224011,0.20494984862288623
2026-04-20,708.719970703125,-1,1,0.0,16.967778519274255,12025.403495077164,-0.001999667552905704,0.2025403495077165
2026-04-21,704.0800170898438,-1,1,0.0,16.967778519274255,11946.6737898273,-0.006546949154936255,0.19466737898273
2026-04-22,711.2100219726562,-1,1,0.0,16.967778519274255,12067.654133520207,0.010126696838070659,0.2067654133520207
2026-04-23,708.4500122070312,1,0,12020.822899106048,0.0,12020.822899106048,-0.0038807239498253043,0.20208228991060473
2026-04-24,713.9400024414062,0,0,12020.822899106048,0.0,12020.822899106048,0.0,0.20208228991060473
2026-04-27,715.1699829101562,0,0,12020.822899106048,0.0,12020.822899106048,0.0,0.20208228991060473
2026-04-28,711.6900024414062,1,0,12020.822899106048,0.0,12020.822899106048,0.0,0.20208228991060473
2026-04-29,711.5800170898438,1,0,12020.822899106048,0.0,12020.822899106048,0.0,0.20208228991060473
2026-04-30,718.6599731445312,1,0,12020.822899106048,0.0,12020.822899106048,0.0,0.20208228991060473
2026-05-01,720.6500244140625,1,0,12020.822899106048,0.0,12020.822899106048,0.0,0.20208228991060473
2026-05-04,718.010009765625,1,0,12020.822899106048,0.0,12020.822899106048,0.0,0.20208228991060473
2026-05-05,723.77001953125,1,0,12020.822899106048,0.0,12020.822899106048,0.0,0.20208228991060473
2026-05-06,733.8300170898438,1,0,12020.822899106048,0.0,12020.822899106048,0.0,0.20208228991060473
2026-05-07,731.5800170898438,1,0,12020.822899106048,0.0,12020.822899106048,0.0,0.20208228991060473
2026-05-08,737.6199951171875,1,0,12020.822899106048,0.0,12020.822899106048,0.0,0.20208228991060473
2026-05-11,739.2999877929688,1,0,12020.822899106048,0.0,12020.822899106048,0.0,0.20208228991060473
2026-05-12,738.1799926757812,1,0,12020.822899106048,0.0,12020.822899106048,0.0,0.20208228991060473
2026-05-13,742.3099975585938,1,0,12020.822899106048,0.0,12020.822899106048,0.0,0.20208228991060473
2026-05-14,748.1699829101562,1,0,12020.822899106048,0.0,12020.822899106048,0.0,0.20208228991060473
2026-05-15,739.1699829101562,1,0,12020.822899106048,0.0,12020.822899106048,0.0,0.20208228991060473
2026-05-18,738.6500244140625,1,0,12020.822899106048,0.0,12020.822899106048,0.0,0.20208228991060473
2026-05-19,733.72998046875,1,0,12020.822899106048,0.0,12020.822899106048,0.0,0.20208228991060473
2026-05-20,741.25,1,0,12020.822899106048,0.0,12020.822899106048,0.0,0.20208228991060473
2026-05-21,742.719970703125,1,0,12020.822899106048,0.0,12020.822899106048,0.0,0.20208228991060473
2026-05-22,745.6400146484375,1,0,12020.822899106048,0.0,12020.822899106048,0.0,0.20208228991060473
2026-05-26,750.5900268554688,1,0,12020.822899106048,0.0,12020.822899106048,0.0,0.20208228991060473
2026-05-27,750.4600219726562,1,0,12020.822899106048,0.0,12020.822899106048,0.0,0.20208228991060473
2026-05-28,754.5999755859375,0,0,12020.822899106048,0.0,12020.822899106048,0.0,0.20208228991060473
2026-05-29,756.47998046875,0,0,12020.822899106048,0.0,12020.822899106048,0.0,0.20208228991060473
